scheduled,file,drive_file_id,board,board_id,title,description,link
2026-10-02,pin_02_dress.jpg,1aj1pIyCnYrnlNnR1rnl1ltgM6UB78H8V,Adult coloring pages,1148629148653722468,The Dress | Wedding Coloring Page for Brides | Instant Download,"The dress and veil, one of the five pages in the 99c sampler from The Calm Before the Aisle, a printable wedding coloring book. Instant download on Etsy. Print at home, 8.5 x 11, single sided so nothing bleeds through. A calm hour for the loudest season of your life. #weddingcoloringpages #bridetobegift #printable",https://www.etsy.com/listing/4581180302/printable-wedding-coloring-pages-5-page?utm_source=pinterest&utm_medium=social&utm_campaign=sampler&utm_content=pin_02_dress
2026-10-02,pin_07_cover.jpg,1Y9lzib9Xga9dZzXzTxhjakW_qBVvYGMA,Adult coloring pages,1148629148653722468,The Calm Before the Aisle | Printable Wedding Coloring Book,"Fifty quiet pages for the loudest season of your life. A printable adult coloring book for brides, bridesmaids and wedding planners. 50 original pages, 8.5 x 11 PDF, $5.99, instant download on Etsy. #weddingcoloringbook #bridalshowergift #printablecoloringbook",https://www.etsy.com/listing/4572665693/the-calm-before-the-aisle-an-adult?utm_source=pinterest&utm_medium=social&utm_campaign=book&utm_content=pin_07_cover
2026-10-03,pin_04_arch.jpg,1sj4v__vJnBNFFbRbkp8aI20qYvvs5u5T,Wedding planning printables,1148629148653722470,Ceremony Arch Coloring Page | Wedding Printable,"The ceremony arch, one of 50 original coloring pages made for wedding brains that will not switch off. Printable PDF, 8.5 x 11, $5.99 instant download on Etsy. #weddingprintables #coloringbook #bridalshower",https://www.etsy.com/listing/4572665693/the-calm-before-the-aisle-an-adult?utm_source=pinterest&utm_medium=social&utm_campaign=book&utm_content=pin_04_arch
2026-10-03,pin_05_ring.jpg,1ZDI9NKpPu9KjU71dLOX-HPlZrzGvBQtT,Bridal shower gifts,1148629148653722469,Engagement Ring Coloring Page | Printable Bridal Gift,"The ring box, page one of the 99c sampler from The Calm Before the Aisle, a printable adult coloring book for brides, bridesmaids and wedding planners. Five pages, instant download, print at home. #engagementgift #weddingcoloringbook #printablegift",https://www.etsy.com/listing/4581180302/printable-wedding-coloring-pages-5-page?utm_source=pinterest&utm_medium=social&utm_campaign=sampler&utm_content=pin_05_ring
2026-10-04,pin_08_fifty.jpg,1OyntWFk2wGJJGx3ugt9Dh78eYSaF8G6M,Adult coloring pages,1148629148653722468,50 Printable Wedding Coloring Pages | Instant Download PDF,"Fifty original pages: invitations, flowers, the dress, the cake, the aisle. A printable adult coloring book for anyone in the middle of planning a wedding. $5.99, print as many copies as you like. #printablecoloringpages #weddinggift #bridalshower",https://www.etsy.com/listing/4572665693/the-calm-before-the-aisle-an-adult?utm_source=pinterest&utm_medium=social&utm_campaign=book&utm_content=pin_08_fifty
2026-10-04,pin_10_coloured.jpg,1QKS3-Pv40vr522NrbwomDcJHfAG5XpNA,Adult coloring pages,1148629148653722468,Try 5 Wedding Coloring Pages for 99c | Printable Sampler,"Not sure yet? Try five pages first: the ring box, the bouquet, the dress, the planner's kit and the aisle. A 99c printable sampler from The Calm Before the Aisle, a wedding coloring book for brides, bridesmaids and wedding planners. Instant download on Etsy, print at home on 8.5 x 11 paper. #bridetobe #weddingstress #coloringbook",https://www.etsy.com/listing/4581180302/printable-wedding-coloring-pages-5-page?utm_source=pinterest&utm_medium=social&utm_campaign=sampler&utm_content=pin_10_coloured
2026-10-05,pin_03_cake.jpg,1gYAOUCdR9xI546GgeH4W3drNPGrW9TuW,Adult coloring pages,1148629148653722468,Wedding Cake Coloring Page | Printable Adult Coloring Book,"Color the cake before you have to order it. One of 50 pages in The Calm Before the Aisle, a printable wedding coloring book for brides and planners. $5.99 instant download on Etsy, 8.5 x 11 PDF. #weddingcake #coloringpages #weddingplanning",https://www.etsy.com/listing/4572665693/the-calm-before-the-aisle-an-adult?utm_source=pinterest&utm_medium=social&utm_campaign=book&utm_content=pin_03_cake
2026-10-05,pin_11_gift.jpg,1AZavkj6skPtu2vedkQVNjQFBx9R1hco_,Bridal shower gifts,1148629148653722469,Bridesmaid Gift | Wedding Coloring Book Paperback,"A bridesmaid gift that isn't another candle. The Calm Before the Aisle in paperback: fifty quiet pages for the loudest season of the year, ready to wrap. On Amazon. #bridesmaidgift #bridalpartygift #bridalshowergift",https://www.amazon.com/dp/B0HL3B4CLM
2026-10-06,pin_06_table.jpg,1LMasP_ls8Vn3t92kv4qSW4Z7FSyxLeZB,Wedding planning printables,1148629148653722470,Table Setting Coloring Page | Wedding Reception Printable,"For the table you have redrawn nine times. One of 50 pages in The Calm Before the Aisle, a printable wedding coloring book. 8.5 x 11 PDF, $5.99 instant download on Etsy. #tablescape #weddingplanner #coloringpages",https://www.etsy.com/listing/4572665693/the-calm-before-the-aisle-an-adult?utm_source=pinterest&utm_medium=social&utm_campaign=book&utm_content=pin_06_table
2026-10-06,pin_09_printed.jpg,1FIJTaDEPRZqtX5V_xpJlYCTUmWF7AgqR,Wedding planning printables,1148629148653722470,Print at Home Wedding Coloring Book | 50 Pages | Instant Download,"Print it, color it, print it again. The full book: fifty printable wedding coloring pages, 8.5 x 11, single sided. $5.99 instant download on Etsy, no shipping, no waiting. #printableart #weddingcoloringbook #selfcare",https://www.etsy.com/listing/4572665693/the-calm-before-the-aisle-an-adult?utm_source=pinterest&utm_medium=social&utm_campaign=book&utm_content=pin_09_printed
2026-10-07,pin_12_whatyouget.jpg,1KnWCSM7q6wf2TV6k_yr2apanJy2QM31H,Bridal shower gifts,1148629148653722469,Printable Wedding Coloring Book | 50 Pages | What You Get,"50 original coloring pages, print-ready PDF at 8.5 x 11 inches, single sided so nothing bleeds through, print as many times as you like, delivered the second you buy. $5.99 on Etsy. #printablecoloringbook #weddinggift #instantdownload",https://www.etsy.com/listing/4572665693/the-calm-before-the-aisle-an-adult?utm_source=pinterest&utm_medium=social&utm_campaign=book&utm_content=pin_12_whatyouget
